dt,Regime A: BTC long/short,Regime B: long BTC | short top50 alts,Regime C: BTC long/flat,BTC buy & hold (same vol sizing)
2022-01-31 00:00:00+00:00,1.088870452087375,1.1193439978571906,1.0,0.9126652043253529
2022-02-28 00:00:00+00:00,1.0038950219135827,1.089110497968364,1.0,0.9749195256956685
2022-03-31 00:00:00+00:00,1.0362776372445348,1.102407863194321,1.0298246896743104,0.9966835375408667
2022-04-30 00:00:00+00:00,0.9706567425897302,1.0827822861090524,0.9558261081110274,0.9145100675211797
2022-05-31 00:00:00+00:00,1.0467747262392213,1.203826745404324,0.9558261081110274,0.8355809603633108
2022-06-30 00:00:00+00:00,1.255255423611541,1.257891029632612,0.9558261081110274,0.6886271459251088
2022-07-31 00:00:00+00:00,1.176072481317034,1.146495113471699,0.9558261081110274,0.7312303139005959
2022-08-31 00:00:00+00:00,1.2744759674213573,1.2116935222979972,0.9558261081110274,0.6701935057184678
2022-09-30 00:00:00+00:00,1.1548430147485862,1.120722532410366,0.9078802051264682,0.6629447349176493
2022-10-31 00:00:00+00:00,1.118256161745457,1.085264543912352,0.9078802051264682,0.6827918861613056
2022-11-30 00:00:00+00:00,1.179382476612041,1.1234518467402488,0.8922423945778112,0.6148596056978345
2022-12-31 00:00:00+00:00,1.2002392894926928,1.2003133433347388,0.8922423945778112,0.6031578417319379
2023-01-31 00:00:00+00:00,1.4019438942214908,1.3715874901904788,1.1129729177277994,0.801843028871534
2023-02-28 00:00:00+00:00,1.4067146984215397,1.3762549917830227,1.1167603559357921,0.804571694480542
2023-03-31 00:00:00+00:00,1.52917769403019,1.5241152756622236,1.2255022002131772,0.8912220999238228
2023-04-30 00:00:00+00:00,1.5449473696636122,1.5398327450047118,1.2381402162271788,0.9004128457004602
2023-05-31 00:00:00+00:00,1.451153535511588,1.4582602664000421,1.1774150282427904,0.8668163186897045
2023-06-30 00:00:00+00:00,1.2449664054948355,1.4079773890827176,1.1386037974611267,0.9391351235511899
2023-07-31 00:00:00+00:00,1.2026841657100988,1.3601588798330488,1.099933903581599,0.9072396954424484
2023-08-31 00:00:00+00:00,1.0983403798764644,1.222123563023989,0.9982357319623641,0.8115624189660517
2023-09-30 00:00:00+00:00,1.0556026975726072,1.1667971253672174,0.9982357319623641,0.8413198932832793
2023-10-31 00:00:00+00:00,1.186607362531058,1.4098572759442574,1.1835427310176991,1.047434470882782
2023-11-30 00:00:00+00:00,1.258221305139552,1.4949447625331473,1.254971717462727,1.1106490728248755
2023-12-31 00:00:00+00:00,1.3436555209826264,1.5964526872472065,1.3401852837476926,1.1860630180712615
2024-01-31 00:00:00+00:00,1.3483749900930082,1.602060083656472,1.3448925639620513,1.1902289576959202
2024-02-29 00:00:00+00:00,1.6968721244531053,2.0161239400236592,1.69248964044791,1.4978521219025054
2024-03-31 00:00:00+00:00,1.811054023907049,2.151788176408392,1.8063766441693891,1.5986420387827
2024-04-30 00:00:00+00:00,1.6778875429733653,1.9935675737182306,1.6735540901376262,1.4810941734141807
2024-05-31 00:00:00+00:00,1.4774807130744672,1.8205684175592207,1.6145847710790977,1.561752809231704
2024-06-30 00:00:00+00:00,1.5006823472757786,1.8350188537411714,1.5858947772647296,1.479649464565387
2024-07-31 00:00:00+00:00,1.3717649482294143,1.7303189859074468,1.534478997385806,1.5038111769938463
2024-08-31 00:00:00+00:00,1.310007113592421,1.658311138428824,1.4628477024700557,1.4118412098199373
2024-09-30 00:00:00+00:00,1.2888916553552996,1.6175425745231935,1.480530393165276,1.4653694749664863
2024-10-31 00:00:00+00:00,1.2982586376967544,1.632059395426108,1.545382473267609,1.583624641747637
2024-11-30 00:00:00+00:00,1.614255803119753,2.029303925739092,1.9215297730947878,1.969080115222524
2024-12-31 00:00:00+00:00,1.5806370781217542,1.9870413484666833,1.881511715924237,1.9280717677445358
2025-01-31 00:00:00+00:00,1.672270345319786,2.102234831738597,1.9905873969821468,2.0398466450494888
2025-02-28 00:00:00+00:00,1.6202998667550927,1.8708310411236706,1.8256061980922935,1.763097405929677
2025-03-31 00:00:00+00:00,1.5919221034487556,1.9347145518526876,1.8256061980922935,1.768280813153353
2025-04-30 00:00:00+00:00,1.4937104993910582,1.8965314792972705,1.831678665287204,1.8843546455065503
2025-05-31 00:00:00+00:00,1.5815278538576067,2.008031249327884,1.93936564658908,1.9951385222434395
2025-06-30 00:00:00+00:00,1.6127378255379519,2.0476578662552467,1.9776372121263175,2.034510713271058
2025-07-31 00:00:00+00:00,1.7199897411656706,2.18383327259123,2.1091560343790654,2.1698117943941786
2025-08-31 00:00:00+00:00,1.5120484953087885,1.9401370949460794,1.9076569203681026,2.018244351043676
2025-09-30 00:00:00+00:00,1.369170171871864,1.8135465723650532,1.8595104162075415,2.1093331873000105
2025-10-31 00:00:00+00:00,1.379887065415714,1.7804982587696738,1.839623931536712,2.0382255484078518
2025-11-30 00:00:00+00:00,1.5913022405540442,1.846172636709564,1.839623931536712,1.7500912498826384
2025-12-31 00:00:00+00:00,1.6221836932773497,1.913394977985772,1.839623931536712,1.7067535072548399
2026-01-31 00:00:00+00:00,1.7737111539214891,2.0548231592464496,1.839623931536712,1.5434989945482094
2026-02-28 00:00:00+00:00,1.9793641107511515,2.133429246845974,1.839623931536712,1.3504652828569954
2026-03-31 00:00:00+00:00,1.9438499039484196,2.1656970390778305,1.839623931536712,1.3691402156518673
2026-04-30 00:00:00+00:00,1.779542939197153,1.93103246318461,1.8237961286471351,1.464966207756721
2026-05-31 00:00:00+00:00,1.709216590730438,1.8547193499041141,1.7517209236884117,1.4070717216224657
2026-06-30 00:00:00+00:00,1.9420901753120872,2.0743032132983155,1.6998517697580857,1.1523522082213205
2026-07-31 00:00:00+00:00,1.8274431072806945,2.1434410878465284,1.6998517697580857,1.2178089108577899
2026-08-31 00:00:00+00:00,1.8287730285335138,2.2217865894639304,1.8921457964852706,1.4957698984749626
2026-09-30 00:00:00+00:00,1.9152586970880479,2.3268585123199728,1.9816284669197228,1.5665073041863153
2026-10-31 00:00:00+00:00,1.933593243385535,2.349133255249842,2.0005983632195794,1.5815032944082228
