gate,asset,side,sh 2022,sh 2023,sh 2024,sh 2025,sh 2026ytd,sh dev 22-24,sh test 25-26,sh replay yr,cagr_all,dd_all,vol
SMA50,BTC,long,-2.3485553916302195,2.3810093925431093,1.31614554173696,0.20717237199762142,0.9306169651583153,0.6988325410547341,0.5445055052948765,0.4842879782372418,0.17324780565808595,-0.5194059229408832,0.33298840755333875
SMA50,BTC,L/S,-0.7667250973270398,1.8194239460216919,0.6127523558134984,0.3110947127534405,1.07264715464856,0.3921700576749046,0.6557170517739224,0.9393839529823358,0.11805325373208753,-0.6323823788092036,0.5068157105273022
SMA50,BTC+ETH,long,-1.6525687937574451,2.0558064051694123,1.0870051300092824,0.7210097121176644,0.7297658326864421,0.6041278177868942,0.7250591837828071,0.2048365842962009,0.1869889639168878,-0.4708706380804141,0.37540842367996513
SMA50,BTC+ETH,L/S,-0.4098350089303774,1.6344630651437577,0.6652445357346918,0.8240116709644928,0.8518544350758422,0.44348819491187563,0.8359321464742119,0.6748361983247916,0.18386542390614413,-0.6408847683037022,0.5733792539385564
SMA50,top10,long,-1.7681797116435245,1.5459490195816494,0.8942354445517963,-0.5376992790297945,1.011008323177168,0.3795837800721303,0.04437776965685549,0.2891526042468976,0.018199841089415303,-0.5619436052844022,0.46288687514245486
SMA50,top10,L/S,0.003408797962560357,1.244605929178493,0.3113449247672361,-0.591869498866445,1.0477922144753098,0.4143166112710694,0.02064084852132054,0.3400682414550743,-0.04515828127513577,-0.6956358502488651,0.7000229108729187
SMA50,top20,long,-1.8833064077408503,1.6893572444427427,0.1985570032427838,-0.8355528464150874,0.7033626961953913,0.15463755283972858,-0.29560206831815256,-0.16114533109246207,-0.10207883718979438,-0.6735280738194604,0.4685091943581921
SMA50,top20,L/S,-0.15344839953628073,1.604541826165553,-0.3215213687577973,-0.7700179831622432,0.6284839664644059,0.24962973840758595,-0.27151654395733743,0.09843320132433363,-0.18062646452991005,-0.8500657654387012,0.7087488974577639
SMA50,top50,long,-1.5428699638264476,1.9104386979370998,0.17329005453865187,-0.8603619407298568,0.7208438327085386,0.2882184439624158,-0.3422322201217094,-0.05894485737996655,-0.07989049515311797,-0.7455146062808246,0.4901994195494676
SMA50,top50,L/S,0.027624830420490746,1.8931083059772105,-0.3134398336126813,-0.7172309967403125,0.926771078618929,0.3958314535048602,-0.16028538427705055,0.3286578549068159,-0.10511451000445993,-0.8707423681664855,0.7229218895063874
SMA100,BTC,long,-1.4328120604257892,1.5061232767249841,1.093668680436515,0.2021082358069788,0.7902220860851685,0.8116888150431028,0.42559865807648456,0.42720043710550726,0.18774201456734163,-0.3826446543970997,0.32355198529300594
SMA100,BTC,L/S,0.6415583831092064,0.6218707111169283,0.3294164179743939,0.32208710538529195,0.6650025271303832,0.5277811796245211,0.47722883335484695,0.7714947469074048,0.13873299094382108,-0.5689076931563515,0.5068461145547161
SMA100,BTC+ETH,long,-1.209124591749792,1.3454633726740128,0.9837964807579919,0.7262027705193358,0.40334540825008713,0.7307208402031169,0.608862690984916,-0.04928290157992643,0.19897440909958664,-0.3897827004992358,0.35360590135085823
SMA100,BTC+ETH,L/S,0.5648601289724313,0.6154991710543165,0.5440874517597095,0.9095367134464516,0.26364240453517224,0.5591088200897415,0.6405165417682631,0.3885516480899807,0.18870318826714683,-0.5329601968725002,0.5734673829808109
SMA100,top10,long,-1.607319930938865,0.7070146970150281,0.8727441240767339,-0.17721262032253418,1.109504799225327,0.41492564576778707,0.14967749020904908,0.19903999299866515,0.04849368426081235,-0.5039043131726266,0.4438383321600622
SMA100,top10,L/S,0.8455891517260101,-0.11043255670767924,0.37227752785715656,-0.1360000683472006,0.565483605108429,0.43795886573379483,0.12540265868859132,0.09949605189001832,-0.0094539473851456,-0.7108920695364623,0.7000995685387739
SMA100,top20,long,-1.578551007196937,0.8147437973858532,0.17131844229970963,-0.5094586029979922,1.0365110193822755,0.1599573847616449,-0.1083011497507884,-0.07910336384843061,-0.07138809941632052,-0.6055552847248343,0.45888317082718344
SMA100,top20,L/S,0.732911078357178,0.2135117657880336,-0.3260693802553296,-0.3992850615536114,0.5811802829824504,0.25091697089165577,-0.05160545014167496,0.15882950452371167,-0.13517338513599175,-0.8269947986023436,0.7088617412279254
SMA100,top50,long,-1.3456469475330954,0.9639972959401718,0.213146552986286,-0.586568728867674,1.236464736849695,0.24652998188347344,-0.14698695000785747,0.17541588598214058,-0.06248563515391303,-0.6848814891327242,0.4853364563873734
SMA100,top50,L/S,0.7171423933950882,0.458813522428418,-0.21668981690674305,-0.407188461255953,1.0238424208849237,0.331066696294138,0.0733245700048975,0.5248165456712528,-0.08089406664596299,-0.8343408103143232,0.7230807456796708
SMA200,BTC,long,,1.6311979182197136,1.2560748719100772,-0.4957987224832744,1.5069704115154898,1.1664102033948611,0.07705163189470617,0.5871852409133143,0.24589552266260362,-0.32591093751508105,0.33489697656007056
SMA200,BTC,L/S,1.3483198689844322,0.8945931789561874,0.7048996350932689,-0.7254179383127819,1.1132598433777152,1.0010882358920559,0.10751765445560196,0.9270875518382768,0.26257003998101935,-0.5658862725307701,0.506520596714996
SMA200,BTC+ETH,long,,1.4393801664648584,1.01226737953214,0.012340913023512283,1.408575053546134,0.9819623420678473,0.3048324438295329,0.1436491226135373,0.2252180074590937,-0.45434395600407196,0.3708897198486071
SMA200,BTC+ETH,L/S,1.0982263883603034,0.8474610011705392,0.644883876296519,-0.052978620623862806,0.902691485286077,0.8695495941098565,0.34527055454768973,0.5668521721887452,0.25723727712480926,-0.609691738127307,0.5731207551028735
SMA200,top10,long,,0.5791511321836988,0.7121570639131487,-0.4887385531318431,1.308756294556811,0.5304050688269993,-0.14342368424014995,0.3313710246376653,0.02607390092421169,-0.5593516609330427,0.4669389446913199
SMA200,top10,L/S,1.489628402245972,-0.30834638525361835,0.1555477420467623,-0.6816462732900206,0.4303839928226592,0.5839676694846052,-0.2640675575529823,0.23810474491569456,-0.02913345847062898,-0.7869804682428133,0.7000380902361145
SMA200,top20,long,,0.6303954171050178,0.05242010162153776,-0.7202207614259725,1.6185256257801788,0.2629953701479955,-0.24895319698049234,0.014557336827886135,-0.08021810483556091,-0.6895370062192384,0.4851371772143207
SMA200,top20,L/S,1.3936565112642147,-0.07889237386251219,-0.5128433679099669,-0.8746110137271411,0.7903846000838964,0.3843157219410162,-0.28147014873795156,0.24763028220513938,-0.127784219370764,-0.8739775659000447,0.7087517809477146
SMA200,top50,long,,0.7154204841689663,-0.010155490141249125,-0.8036930410953733,2.115785898928773,0.26236405807203533,-0.2671584988667668,0.18360456312528897,-0.09306139760680443,-0.7717861830800113,0.5082412108641172
SMA200,top50,L/S,1.3475722376324804,0.058015657636412185,-0.5957072185075567,-0.8991140592758906,1.34741956755719,0.3500219340706484,-0.1398492510117155,0.5383546028429043,-0.11959318846319933,-0.9119487762621925,0.7229315695364801
EMA13/21 band,BTC,long,-1.8301238728925635,1.5552588585673621,1.0776566014859479,0.39150078213787326,0.3646048453528678,0.5385597561517107,0.37844323265698604,-0.05752129177805119,0.10613888465393173,-0.3739089240305411,0.29948063101883465
EMA13/21 band,BTC,L/S,-0.9353452122520768,0.7519837271509697,0.6516015360398384,-0.10942656002554359,0.7111778466461894,0.06321444791526769,0.26974568244000313,0.43282760473864257,-0.04642464815753211,-0.6666746305732199,0.4622437819040647
EMA13/21 band,BTC+ETH,long,-1.3169567946886285,1.3326437132315991,1.031220920461377,1.2269607661143338,-0.014219964004872583,0.484457126200179,0.7243070605734815,-0.5715643047175201,0.14148518552539446,-0.38684684868862873,0.33702084272606786
EMA13/21 band,BTC+ETH,L/S,-0.8491513937639049,0.7017836414482749,0.9300342838730756,0.7003852988393077,0.4608191464199856,0.12192868349810254,0.5992533899836291,0.1191365802891134,0.013471157344155271,-0.7107769840234095,0.5225436291480737
EMA13/21 band,top10,long,-1.4305490631719313,1.1349060448692678,0.895925038582816,0.057115974773568924,0.21212404452537298,0.3365582298880068,0.11151175935559973,-0.4569584644919336,0.022843872269481702,-0.5045605823866259,0.421946602336941
EMA13/21 band,top10,L/S,-0.47049888938582685,0.6597820424161499,0.6264619783973469,-0.7058762176981505,0.5088925996050115,0.17246192386492062,-0.24335953399823523,-0.29968920655278625,-0.16311556776075442,-0.7667255241052975,0.635351443472777
EMA13/21 band,top20,long,-1.553752356260238,1.2201785016795126,0.18479285280347404,-0.32589807921165265,-0.07418246587970188,0.08045743856992318,-0.2368602487446021,-0.8268364749162559,-0.09589669998797257,-0.5677463567732652,0.4259858267061798
EMA13/21 band,top20,L/S,-0.6250828531154177,0.8821772075261101,-0.049612106724956626,-0.8564882554170071,0.09045869917988612,-0.04176414958526995,-0.5090089111409303,-0.4828164389284353,-0.2852214941579456,-0.8754791835147611,0.6446418598825138
EMA13/21 band,top50,long,-1.2116207866635915,1.378366265548638,0.13231766488013585,-0.5838526954083638,0.09902743877375725,0.1840174107916678,-0.357418633654996,-0.7882644970549068,-0.09238496406975161,-0.6815590193258922,0.4449649852996572
EMA13/21 band,top50,L/S,-0.4555373182178171,1.0898291783059384,-0.0853857571030669,-0.8680873020589751,0.4687329596016421,0.07323021549123046,-0.3964290518445778,-0.2364155238214085,-0.2377640082889808,-0.8569184485806642,0.6585788490532478
Donchian ens,BTC,long,-1.2001487623735676,0.9699691960151675,1.3152824252322328,-0.6723715528880119,0.30939163297436006,0.8899828432123137,-0.3760572510656988,-0.3607531722449525,0.10516746275098421,-0.2283777886346653,0.2215051735864737
Donchian ens,BTC,L/S,0.39229407263285704,0.415630182956273,0.5852817648550587,-0.6637578448079745,0.569035491385822,0.4547687327690571,-0.03188800209868068,0.5007063521204824,0.04669581432293346,-0.4592061020018541,0.34561469725968835
Donchian ens,BTC+ETH,long,-0.8648431962760668,0.8609543945520207,1.3155398448537536,0.1759815795138378,-0.13150949762230701,0.8600595289867892,0.098963739182355,-0.8483813174563745,0.1291181301950326,-0.26775756611816404,0.23958708172323515
Donchian ens,BTC+ETH,L/S,0.22580226839446313,0.3002657939481972,0.719575169556916,0.13491244757157875,0.28620803933783734,0.3904309208425777,0.2065906058984134,0.128149699925867,0.05412423496126273,-0.5929859262437106,0.3873089611222564
Donchian ens,top10,long,-1.0714157869222256,0.6704683747485357,1.2398907610345757,-1.1731714399626525,0.3418849371185658,0.7421598316060716,-0.7832161574030226,-0.694142147583355,0.04092131203622906,-0.46177949924353623,0.3104670881976234
Donchian ens,top10,L/S,0.6180356875248996,0.12048795737703821,0.5338294723132063,-1.416684747192019,0.42061812096127293,0.45234733193847443,-0.6364264291224129,-0.034641302115260134,-0.05343840254837717,-0.6989701186337984,0.4840808548663611
Donchian ens,top20,long,-1.1614365213256457,0.6630433548825327,0.5198823415822574,-1.4677577486949893,0.1763165793885262,0.4274386945118635,-1.030783388277233,-0.9100782957735777,-0.06330246545423546,-0.574367015029762,0.31648427503074045
Donchian ens,top20,L/S,0.43977098686513744,0.15267957648439864,-0.25211640558820975,-1.5626109995703257,0.13560321539623166,0.152072540902905,-0.8789803510283892,-0.23607220236861154,-0.18106855820321055,-0.8198961248503965,0.4874340676795963
Donchian ens,top50,long,-1.220058440213459,0.7509772693617733,0.4820982068958266,-1.5146927312470377,0.9727958836364908,0.43026758961872613,-0.9442745287009143,-0.5824062128737949,-0.06338833469559813,-0.6523488468669092,0.3336745593482239
Donchian ens,top50,L/S,0.396917706701099,0.24123488693252151,-0.2251684800686448,-1.6032803956795165,0.7937366015864872,0.15369355882045005,-0.6850957880467982,0.1758259071161781,-0.16028516365223755,-0.8307360412911164,0.49283642340869055
